Campaign,Negative Keyword,Match Type
KLUSR | Search | Verf — Generiek,gratis,Phrase
KLUSR | Search | Verf — Generiek,vacature,Phrase
KLUSR | Search | Verf — Generiek,vacatures,Phrase
KLUSR | Search | Verf — Generiek,baan,Phrase
KLUSR | Search | Verf — Generiek,opleiding,Phrase
KLUSR | Search | Verf — Generiek,cursus,Phrase
KLUSR | Search | Verf — Generiek,diy uitleg,Phrase
KLUSR | Search | Verf — Generiek,hoe verf je,Phrase
KLUSR | Search | Verf — Generiek,zelf maken,Phrase
KLUSR | Search | Verf — Generiek,recept,Phrase
KLUSR | Search | Verf — Generiek,verwijderen,Phrase
KLUSR | Search | Verf — Generiek,afbijten,Phrase
KLUSR | Search | Verf — Generiek,afhalen gratis,Phrase
KLUSR | Search | Verf — Generiek,tweedehands,Phrase
KLUSR | Search | Verf — Generiek,marktplaats,Phrase
KLUSR | Search | Verf — Generiek,behang,Phrase
KLUSR | Search | Verf — Generiek,spuiten huren,Phrase
KLUSR | Search | Verf — Generiek,verfspuit huren,Phrase
KLUSR | Search | Verf — Generiek,schilder inhuren,Phrase
KLUSR | Search | Verf — Generiek,schilder gezocht,Phrase
KLUSR | Search | Verf — Generiek,ervaringen,Phrase
KLUSR | Search | Verf — Generiek,review,Phrase
KLUSR | Search | Verf — Generiek,wikipedia,Phrase
KLUSR | Search | Verf — Generiek,betekenis,Phrase
KLUSR | Search | Verf — Generiek,kleurcode zoeken,Phrase
KLUSR | Search | Lak & Beits,gratis,Phrase
KLUSR | Search | Lak & Beits,vacature,Phrase
KLUSR | Search | Lak & Beits,vacatures,Phrase
KLUSR | Search | Lak & Beits,baan,Phrase
KLUSR | Search | Lak & Beits,opleiding,Phrase
KLUSR | Search | Lak & Beits,cursus,Phrase
KLUSR | Search | Lak & Beits,diy uitleg,Phrase
KLUSR | Search | Lak & Beits,hoe verf je,Phrase
KLUSR | Search | Lak & Beits,zelf maken,Phrase
KLUSR | Search | Lak & Beits,recept,Phrase
KLUSR | Search | Lak & Beits,verwijderen,Phrase
KLUSR | Search | Lak & Beits,afbijten,Phrase
KLUSR | Search | Lak & Beits,afhalen gratis,Phrase
KLUSR | Search | Lak & Beits,tweedehands,Phrase
KLUSR | Search | Lak & Beits,marktplaats,Phrase
KLUSR | Search | Lak & Beits,behang,Phrase
KLUSR | Search | Lak & Beits,spuiten huren,Phrase
KLUSR | Search | Lak & Beits,verfspuit huren,Phrase
KLUSR | Search | Lak & Beits,schilder inhuren,Phrase
KLUSR | Search | Lak & Beits,schilder gezocht,Phrase
KLUSR | Search | Lak & Beits,ervaringen,Phrase
KLUSR | Search | Lak & Beits,review,Phrase
KLUSR | Search | Lak & Beits,wikipedia,Phrase
KLUSR | Search | Lak & Beits,betekenis,Phrase
KLUSR | Search | Lak & Beits,kleurcode zoeken,Phrase
KLUSR | Search | Vloer & Beton,gratis,Phrase
KLUSR | Search | Vloer & Beton,vacature,Phrase
KLUSR | Search | Vloer & Beton,vacatures,Phrase
KLUSR | Search | Vloer & Beton,baan,Phrase
KLUSR | Search | Vloer & Beton,opleiding,Phrase
KLUSR | Search | Vloer & Beton,cursus,Phrase
KLUSR | Search | Vloer & Beton,diy uitleg,Phrase
KLUSR | Search | Vloer & Beton,hoe verf je,Phrase
KLUSR | Search | Vloer & Beton,zelf maken,Phrase
KLUSR | Search | Vloer & Beton,recept,Phrase
KLUSR | Search | Vloer & Beton,verwijderen,Phrase
KLUSR | Search | Vloer & Beton,afbijten,Phrase
KLUSR | Search | Vloer & Beton,afhalen gratis,Phrase
KLUSR | Search | Vloer & Beton,tweedehands,Phrase
KLUSR | Search | Vloer & Beton,marktplaats,Phrase
KLUSR | Search | Vloer & Beton,behang,Phrase
KLUSR | Search | Vloer & Beton,spuiten huren,Phrase
KLUSR | Search | Vloer & Beton,verfspuit huren,Phrase
KLUSR | Search | Vloer & Beton,schilder inhuren,Phrase
KLUSR | Search | Vloer & Beton,schilder gezocht,Phrase
KLUSR | Search | Vloer & Beton,ervaringen,Phrase
KLUSR | Search | Vloer & Beton,review,Phrase
KLUSR | Search | Vloer & Beton,wikipedia,Phrase
KLUSR | Search | Vloer & Beton,betekenis,Phrase
KLUSR | Search | Vloer & Beton,kleurcode zoeken,Phrase
KLUSR | Search | Merken,gratis,Phrase
KLUSR | Search | Merken,vacature,Phrase
KLUSR | Search | Merken,vacatures,Phrase
KLUSR | Search | Merken,baan,Phrase
KLUSR | Search | Merken,opleiding,Phrase
KLUSR | Search | Merken,cursus,Phrase
KLUSR | Search | Merken,diy uitleg,Phrase
KLUSR | Search | Merken,hoe verf je,Phrase
KLUSR | Search | Merken,zelf maken,Phrase
KLUSR | Search | Merken,recept,Phrase
KLUSR | Search | Merken,verwijderen,Phrase
KLUSR | Search | Merken,afbijten,Phrase
KLUSR | Search | Merken,afhalen gratis,Phrase
KLUSR | Search | Merken,tweedehands,Phrase
KLUSR | Search | Merken,marktplaats,Phrase
KLUSR | Search | Merken,behang,Phrase
KLUSR | Search | Merken,spuiten huren,Phrase
KLUSR | Search | Merken,verfspuit huren,Phrase
KLUSR | Search | Merken,schilder inhuren,Phrase
KLUSR | Search | Merken,schilder gezocht,Phrase
KLUSR | Search | Merken,ervaringen,Phrase
KLUSR | Search | Merken,review,Phrase
KLUSR | Search | Merken,wikipedia,Phrase
KLUSR | Search | Merken,betekenis,Phrase
KLUSR | Search | Merken,kleurcode zoeken,Phrase
KLUSR | Search | Kleurenkiezer & Mengverf,gratis,Phrase
KLUSR | Search | Kleurenkiezer & Mengverf,vacature,Phrase
KLUSR | Search | Kleurenkiezer & Mengverf,vacatures,Phrase
KLUSR | Search | Kleurenkiezer & Mengverf,baan,Phrase
KLUSR | Search | Kleurenkiezer & Mengverf,opleiding,Phrase
KLUSR | Search | Kleurenkiezer & Mengverf,cursus,Phrase
KLUSR | Search | Kleurenkiezer & Mengverf,diy uitleg,Phrase
KLUSR | Search | Kleurenkiezer & Mengverf,hoe verf je,Phrase
KLUSR | Search | Kleurenkiezer & Mengverf,zelf maken,Phrase
KLUSR | Search | Kleurenkiezer & Mengverf,recept,Phrase
KLUSR | Search | Kleurenkiezer & Mengverf,verwijderen,Phrase
KLUSR | Search | Kleurenkiezer & Mengverf,afbijten,Phrase
KLUSR | Search | Kleurenkiezer & Mengverf,afhalen gratis,Phrase
KLUSR | Search | Kleurenkiezer & Mengverf,tweedehands,Phrase
KLUSR | Search | Kleurenkiezer & Mengverf,marktplaats,Phrase
KLUSR | Search | Kleurenkiezer & Mengverf,behang,Phrase
KLUSR | Search | Kleurenkiezer & Mengverf,spuiten huren,Phrase
KLUSR | Search | Kleurenkiezer & Mengverf,verfspuit huren,Phrase
KLUSR | Search | Kleurenkiezer & Mengverf,schilder inhuren,Phrase
KLUSR | Search | Kleurenkiezer & Mengverf,schilder gezocht,Phrase
KLUSR | Search | Kleurenkiezer & Mengverf,ervaringen,Phrase
KLUSR | Search | Kleurenkiezer & Mengverf,review,Phrase
KLUSR | Search | Kleurenkiezer & Mengverf,wikipedia,Phrase
KLUSR | Search | Kleurenkiezer & Mengverf,betekenis,Phrase
KLUSR | Search | Kleurenkiezer & Mengverf,kleurcode zoeken,Phrase
